<?xml version="1.0" encoding="UTF-8" standalone="yes"?>
<addon id="repository.mrfreeze121" name="mrfreeze121 Repository" version="1.0.0" provider-name="mrfreeze121">
    <extension point="xbmc.addon.repository" name="mrfreeze121 Repository">
        <dir>
            <info compressed="false">https://raw.githubusercontent.com/YOUR_USERNAME_HERE/REPOSITORY_NAME_HERE/BRANCH_NAME_HERE/zips/addons.xml</info>
            <checksum>https://raw.githubusercontent.com/YOUR_USERNAME_HERE/REPOSITORY_NAME_HERE/BRANCH_NAME_HERE/zips/addons.xml.md5</checksum>
            <datadir zip="true">https://raw.githubusercontent.com/YOUR_USERNAME_HERE/REPOSITORY_NAME_HERE/BRANCH_NAME_HERE/zips/</datadir>
        </dir>
    </extension>
    <extension point="xbmc.addon.metadata">
        <summary>mrfreeze121 Repository</summary>
        <disclaimer></disclaimer>
        <platform>all</platform>
        <assets>
            <icon>icon.png</icon>
            <fanart>fanart.jpg</fanart>
        </assets>
    </extension>
</addon>